Model,Split,Batch_size,Initial_lr,Accuracy_epoch_10,Accuracy_epoch_20,Accuracy_epoch_30,Accuracy_epoch_40,Accuracy_epoch_50,Time
resnet18_freeze_conv,70 - 30,64,0.001,50.2708358764648,50.4583396911621,50.3611030578613,51.9305610656738,52.5625190734863,12100.4688434601
